Mission,Collection name,Catch,Station,Stratum,Set,Date/Time (Canada/Atlantic),Start latitude,Start longitude,End latitude,End longitude,Specimen ID,Specimen UUID,Length,Sex,All Observations
2024 Gulf Region Ecosystem Survey (CAR-2024-400),Snow Crab sum of parts - whole males >=75 cm - Tobie Surette (? 75 mm + males only),Snow crab,122,434,46,9/2/2024 1:45,46.86,-61.6,46.85,46.85,11648,be3789a1-0e89-324b-b15d-942a3905f39e,116.0 mm,Male,"{""Length"": 116.0, ""Sex"": 1, ""Chelae Height"": 30.0, ""Collect Specimen - Boudreau (without fish number)"": 0, ""Collect Specimen- Surette (without fish number)"": 1, ""Take a photo"": 1}"
2024 Gulf Region Ecosystem Survey (CAR-2024-400),Snow Crab sum of parts - whole males >=75 cm - Tobie Surette (? 75 mm + males only),Snow crab,33,419,79,9/8/2024 17:41,47.81,-65.45,47.82,47.82,27010,262815af-852b-3a04-8283-35c64983d57b,93.0 mm,Male,"{""Length"": 93.0, ""Sex"": 1, ""Chelae Height"": 21.0, ""Collect Specimen- Surette (without fish number)"": 1, ""Take a photo"": 1}"
2024 Gulf Region Ecosystem Survey (CAR-2024-400),Snow Crab sum of parts - whole males >=75 cm - Tobie Surette (? 75 mm + males only),Snow crab,124,434,48,9/2/2024 6:28,46.74,-61.61,46.73,46.73,12428,d3de3f61-a60f-357b-8db4-ce371e0b4e9e,117.0 mm,Male,"{""Length"": 117.0, ""Sex"": 1, ""Chelae Height"": 28.0, ""Collect Specimen- Surette (without fish number)"": 1, ""Take a photo"": 1}"
2024 Gulf Region Ecosystem Survey (CAR-2024-400),Snow Crab sum of parts - whole males >=75 cm - Tobie Surette (? 75 mm + males only),Snow crab,121,434,40,9/1/2024 6:52,47.03,-61.23,47.02,47.02,10232,447b80a6-9fbb-3d54-b5cb-dc1fa2bd8627,144.0 mm,Male,"{""Length"": 144.0, ""Sex"": 1, ""Chelae Height"": 29.0, ""Collect Specimen - Boudreau (without fish number)"": 0, ""Collect Specimen- Surette (without fish number)"": 1, ""Take a photo"": 1}"
2024 Gulf Region Ecosystem Survey (CAR-2024-400),Snow Crab sum of parts - whole males >=75 cm - Tobie Surette (? 75 mm + males only),Snow crab,122,434,46,9/2/2024 1:45,46.86,-61.6,46.85,46.85,11677,c42192fb-adec-320c-a870-93c81906eb90,124.0 mm,Male,"{""Length"": 124.0, ""Sex"": 1, ""Chelae Height"": 33.0, ""Collect Specimen - Boudreau (without fish number)"": 0, ""Collect Specimen- Surette (without fish number)"": 1, ""Take a photo"": 1}"
2024 Gulf Region Ecosystem Survey (CAR-2024-400),Snow Crab sum of parts - whole males >=75 cm - Tobie Surette (? 75 mm + males only),Snow crab,121,434,40,9/1/2024 6:52,47.03,-61.23,47.02,47.02,10243,4455dcea-91b2-3adb-8b05-545831da5587,146.0 mm,Male,"{""Length"": 146.0, ""Sex"": 1, ""Chelae Height"": 29.0, ""Collect Specimen - Boudreau (without fish number)"": 0, ""Collect Specimen- Surette (without fish number)"": 1, ""Take a photo"": 1}"
2024 Gulf Region Ecosystem Survey (CAR-2024-400),Snow Crab sum of parts - whole males >=75 cm - Tobie Surette (? 75 mm + males only),Snow crab,122,434,46,9/2/2024 1:45,46.86,-61.6,46.85,46.85,11762,bea7ceb3-0541-370f-8b67-d76ead49c05c,127.0 mm,Male,"{""Length"": 127.0, ""Sex"": 1, ""Chelae Height"": 33.0, ""Collect Specimen - Boudreau (without fish number)"": 0, ""Collect Specimen- Surette (without fish number)"": 1, ""Take a photo"": 1}"
2024 Gulf Region Ecosystem Survey (CAR-2024-400),Snow Crab sum of parts - whole males >=75 cm - Tobie Surette (? 75 mm + males only),Snow crab,123,434,47,9/2/2024 4:09,46.82,-61.44,46.81,46.81,12315,5eb2a4ad-507a-315c-98a5-5b80797dae1e,122.0 mm,Male,"{""Length"": 122.0, ""Sex"": 1, ""Chelae Height"": 31.0, ""Collect Specimen- Surette (without fish number)"": 1, ""Take a photo"": 1}"
2024 Gulf Region Ecosystem Survey (CAR-2024-400),Snow Crab sum of parts - whole males >=75 cm - Tobie Surette (? 75 mm + males only),Snow crab,122,434,46,9/2/2024 1:45,46.86,-61.6,46.85,46.85,11694,635c26dd-d51b-3cd2-a5fa-50d47d7b8de0,105.0 mm,Male,"{""Length"": 105.0, ""Sex"": 1, ""Chelae Height"": 25.0, ""Collect Specimen - Boudreau (without fish number)"": 0, ""Collect Specimen- Surette (without fish number)"": 1, ""Take a photo"": 1}"
2024 Gulf Region Ecosystem Survey (CAR-2024-400),Snow Crab sum of parts - whole males >=75 cm - Tobie Surette (? 75 mm + males only),Snow crab,122,434,46,9/2/2024 1:45,46.86,-61.6,46.85,46.85,11736,2c096048-6fa3-3cc7-b290-9a44984c7cd0,129.0 mm,Male,"{""Length"": 129.0, ""Sex"": 1, ""Chelae Height"": 31.0, ""Collect Specimen - Boudreau (without fish number)"": 0, ""Collect Specimen- Surette (without fish number)"": 1, ""Take a photo"": 1}"
2024 Gulf Region Ecosystem Survey (CAR-2024-400),Snow Crab sum of parts - whole males >=75 cm - Tobie Surette (? 75 mm + males only),Snow crab,122,434,46,9/2/2024 1:45,46.86,-61.6,46.85,46.85,11750,9b47281a-acee-3d1b-902c-ce02335b6dcd,110.0 mm,Male,"{""Length"": 110.0, ""Sex"": 1, ""Chelae Height"": 29.0, ""Collect Specimen - Boudreau (without fish number)"": 0, ""Collect Specimen- Surette (without fish number)"": 1, ""Take a photo"": 1}"
2024 Gulf Region Ecosystem Survey (CAR-2024-400),Snow Crab sum of parts - whole males >=75 cm - Tobie Surette (? 75 mm + males only),Snow crab,122,434,46,9/2/2024 1:45,46.86,-61.6,46.85,46.85,11731,bde68ebe-f646-38f0-929f-45ef403566c9,99.0 mm,Male,"{""Length"": 99.0, ""Sex"": 1, ""Chelae Height"": 28.0, ""Collect Specimen - Boudreau (without fish number)"": 0, ""Collect Specimen- Surette (without fish number)"": 1, ""Take a photo"": 1}"
2024 Gulf Region Ecosystem Survey (CAR-2024-400),Snow Crab sum of parts - whole males >=75 cm - Tobie Surette (? 75 mm + males only),Snow crab,123,434,47,9/2/2024 4:09,46.82,-61.44,46.81,46.81,12322,cfa4a0fb-4dc8-3de4-b07e-3b33178d2860,116.0 mm,Male,"{""Length"": 116.0, ""Sex"": 1, ""Chelae Height"": 30.0, ""Collect Specimen- Surette (without fish number)"": 1, ""Take a photo"": 1}"
2024 Gulf Region Ecosystem Survey (CAR-2024-400),Snow Crab sum of parts - whole males >=75 cm - Tobie Surette (? 75 mm + males only),Snow crab,43,422,65,9/6/2024 20:48,47.48,-64.24,47.48,47.48,22159,7e0a1fd7-8d6e-36f2-89bf-931e6fba8356,121.0 mm,Male,"{""Length"": 121.0, ""Sex"": 1, ""Chelae Height"": 29.0, ""Collect Specimen- Surette (without fish number)"": 1, ""Take a photo"": 1}"
2024 Gulf Region Ecosystem Survey (CAR-2024-400),Snow Crab sum of parts - whole males >=75 cm - Tobie Surette (? 75 mm + males only),Snow crab,43,422,65,9/6/2024 20:48,47.48,-64.24,47.48,47.48,22186,b7dd1c69-ab87-35be-a81e-037952ce56e1,106.0 mm,Male,"{""Length"": 106.0, ""Sex"": 1, ""Chelae Height"": 25.0, ""Collect Specimen- Surette (without fish number)"": 1, ""Take a photo"": 1}"
2024 Gulf Region Ecosystem Survey (CAR-2024-400),Snow Crab sum of parts - whole males >=75 cm - Tobie Surette (? 75 mm + males only),Snow crab,43,422,65,9/6/2024 20:48,47.48,-64.24,47.48,47.48,22205,7ba7680e-ee63-344d-b1a8-e12349a80d8f,117.0 mm,Male,"{""Length"": 117.0, ""Sex"": 1, ""Collect Specimen- Surette (without fish number)"": 1, ""Take a photo"": 1}"
2024 Gulf Region Ecosystem Survey (CAR-2024-400),Snow Crab sum of parts - whole males >=75 cm - Tobie Surette (? 75 mm + males only),Snow crab,43,422,65,9/6/2024 20:48,47.48,-64.24,47.48,47.48,22140,27809645-4827-3881-b1c7-6de686b0a33b,101.0 mm,Male,"{""Length"": 101.0, ""Sex"": 1, ""Chelae Height"": 19.0, ""Collect Specimen- Surette (without fish number)"": 1, ""Take a photo"": 1}"
2024 Gulf Region Ecosystem Survey (CAR-2024-400),Snow Crab sum of parts - whole males >=75 cm - Tobie Surette (? 75 mm + males only),Snow crab,43,422,65,9/6/2024 20:48,47.48,-64.24,47.48,47.48,22132,4a46d061-f96f-3c66-96a6-34e298230d45,114.0 mm,Male,"{""Length"": 114.0, ""Sex"": 1, ""Chelae Height"": 27.0, ""Collect Specimen- Surette (without fish number)"": 1, ""Take a photo"": 1}"
2024 Gulf Region Ecosystem Survey (CAR-2024-400),Snow Crab sum of parts - whole males >=75 cm - Tobie Surette (? 75 mm + males only),Snow crab,27,418,76,9/8/2024 8:00,48.22,-64.57,48.22,48.22,26313,cbc0f94d-41d1-3c2f-93fd-894998bd91a0,106.0 mm,Male,"{""Length"": 106.0, ""Sex"": 1, ""Chelae Height"": 25.0, ""Collect Specimen - Boudreau (without fish number)"": 0, ""Collect Specimen- Surette (without fish number)"": 1, ""Take a photo"": 1}"
2024 Gulf Region Ecosystem Survey (CAR-2024-400),Snow Crab sum of parts - whole males >=75 cm - Tobie Surette (? 75 mm + males only),Snow crab,27,418,76,9/8/2024 8:00,48.22,-64.57,48.22,48.22,26312,3e85f016-63ed-3140-9ea7-953f8d3d0826,117.0 mm,Male,"{""Length"": 117.0, ""Sex"": 1, ""Chelae Height"": 30.0, ""Collect Specimen - Boudreau (without fish number)"": 0, ""Collect Specimen- Surette (without fish number)"": 1, ""Take a photo"": 1}"
2024 Gulf Region Ecosystem Survey (CAR-2024-400),Snow Crab sum of parts - whole males >=75 cm - Tobie Surette (? 75 mm + males only),Snow crab,27,418,76,9/8/2024 8:00,48.22,-64.57,48.22,48.22,26311,e726b001-ada4-39b3-a032-1d7b6491a70f,87.0 mm,Male,"{""Length"": 87.0, ""Sex"": 1, ""Chelae Height"": 15.0, ""Collect Specimen - Boudreau (without fish number)"": 0, ""Collect Specimen- Surette (without fish number)"": 1, ""Take a photo"": 1}"
2024 Gulf Region Ecosystem Survey (CAR-2024-400),Snow Crab sum of parts - whole males >=75 cm - Tobie Surette (? 75 mm + males only),Snow crab,27,418,76,9/8/2024 8:00,48.22,-64.57,48.22,48.22,26308,8ecd3f94-1b30-3681-b9e9-a20c31d695ce,125.0 mm,Male,"{""Length"": 125.0, ""Sex"": 1, ""Chelae Height"": 32.0, ""Collect Specimen - Boudreau (without fish number)"": 0, ""Collect Specimen- Surette (without fish number)"": 1, ""Take a photo"": 1}"
2024 Gulf Region Ecosystem Survey (CAR-2024-400),Snow Crab sum of parts - whole males >=75 cm - Tobie Surette (? 75 mm + males only),Snow crab,33,419,79,9/8/2024 17:41,47.81,-65.45,47.82,47.82,27014,32b43a40-170c-39a6-b275-5aec624ed146,83.0 mm,Male,"{""Length"": 83.0, ""Sex"": 1, ""Chelae Height"": 16.0, ""Collect Specimen- Surette (without fish number)"": 1, ""Take a photo"": 1}"
2024 Gulf Region Ecosystem Survey (CAR-2024-400),Snow Crab sum of parts - whole males >=75 cm - Tobie Surette (? 75 mm + males only),Snow crab,31,419,81,9/9/2024 20:27,47.9,-65.14,47.9,47.9,27665,1ee82041-2bbd-3de8-bf40-7a69edaff34f,95.0 mm,Male,"{""Length"": 95.0, ""Sex"": 1, ""Chelae Height"": 18.0, ""Take a photo"": 1, ""Collect Specimen- Surette (without fish number)"": 1}"
2024 Gulf Region Ecosystem Survey (CAR-2024-400),Snow Crab sum of parts - whole males >=75 cm - Tobie Surette (? 75 mm + males only),Snow crab,31,419,81,9/9/2024 20:27,47.9,-65.14,47.9,47.9,27685,a6248049-c64e-3d73-a252-2f760531b64f,123.0 mm,Male,"{""Length"": 123.0, ""Sex"": 1, ""Chelae Height"": 33.0, ""Take a photo"": 1, ""Collect Specimen- Surette (without fish number)"": 1}"
2024 Gulf Region Ecosystem Survey (CAR-2024-400),Snow Crab sum of parts - whole males >=75 cm - Tobie Surette (? 75 mm + males only),Snow crab,31,419,81,9/9/2024 20:27,47.9,-65.14,47.9,47.9,27700,79f64d80-7d9a-3547-ba90-8fbabf3ba9b3,97.0 mm,Male,"{""Length"": 97.0, ""Sex"": 1, ""Take a photo"": 1, ""Collect Specimen- Surette (without fish number)"": 1}"
2024 Gulf Region Ecosystem Survey (CAR-2024-400),Snow Crab sum of parts - whole males >=75 cm - Tobie Surette (? 75 mm + males only),Snow crab,31,419,81,9/9/2024 20:27,47.9,-65.14,47.9,47.9,27715,a8f1842b-47d4-3883-a7af-ea3ccbaa8887,112.0 mm,Male,"{""Length"": 112.0, ""Sex"": 1, ""Chelae Height"": 29.0, ""Take a photo"": 1, ""Collect Specimen- Surette (without fish number)"": 1}"
2024 Gulf Region Ecosystem Survey (CAR-2024-400),Snow Crab sum of parts - whole males >=75 cm - Tobie Surette (? 75 mm + males only),Snow crab,31,419,81,9/9/2024 20:27,47.9,-65.14,47.9,47.9,27722,07a1388d-ce97-32e4-8f7d-d6e2a471c2e8,97.0 mm,Male,"{""Length"": 97.0, ""Sex"": 1, ""Take a photo"": 1, ""Collect Specimen- Surette (without fish number)"": 1}"
2024 Gulf Region Ecosystem Survey (CAR-2024-400),Snow Crab sum of parts - whole males >=75 cm - Tobie Surette (? 75 mm + males only),Snow crab,31,419,81,9/9/2024 20:27,47.9,-65.14,47.9,47.9,27730,2741cca2-457f-38fd-b7ee-669f249e64b5,75.0 mm,Male,"{""Length"": 75.0, ""Sex"": 1, ""Chelae Height"": 14.0, ""Take a photo"": 1, ""Collect Specimen- Surette (without fish number)"": 1}"
2024 Gulf Region Ecosystem Survey (CAR-2024-400),Snow Crab sum of parts - whole males >=75 cm - Tobie Surette (? 75 mm + males only),Snow crab,31,419,81,9/9/2024 20:27,47.9,-65.14,47.9,47.9,27764,ee6bb37d-d5b3-3c3e-a177-2b06ef2fa396,126.0 mm,Male,"{""Length"": 126.0, ""Sex"": 1, ""Chelae Height"": 32.0, ""Take a photo"": 1, ""Collect Specimen- Surette (without fish number)"": 1}"
2024 Gulf Region Ecosystem Survey (CAR-2024-400),Snow Crab sum of parts - whole males >=75 cm - Tobie Surette (? 75 mm + males only),Snow crab,31,419,81,9/9/2024 20:27,47.9,-65.14,47.9,47.9,27781,17be7234-48cc-3d5c-9428-40efc3ce853a,102.0 mm,Male,"{""Length"": 102.0, ""Sex"": 1, ""Chelae Height"": 19.0, ""Take a photo"": 1, ""Collect Specimen- Surette (without fish number)"": 1}"
2024 Gulf Region Ecosystem Survey (CAR-2024-400),Snow Crab sum of parts - whole males >=75 cm - Tobie Surette (? 75 mm + males only),Snow crab,31,419,81,9/9/2024 20:27,47.9,-65.14,47.9,47.9,27783,e813fc49-6bf2-31e4-963b-f7cc950c56d1,92.0 mm,Male,"{""Length"": 92.0, ""Sex"": 1, ""Chelae Height"": 17.0, ""Take a photo"": 1, ""Collect Specimen- Surette (without fish number)"": 1}"
2024 Gulf Region Ecosystem Survey (CAR-2024-400),Snow Crab sum of parts - whole males >=75 cm - Tobie Surette (? 75 mm + males only),Snow crab,31,419,81,9/9/2024 20:27,47.9,-65.14,47.9,47.9,27790,dfc87368-82c6-3193-9105-4bbd13dbdd30,135.0 mm,Male,"{""Length"": 135.0, ""Sex"": 1, ""Chelae Height"": 37.0, ""Take a photo"": 1, ""Collect Specimen- Surette (without fish number)"": 1}"
2024 Gulf Region Ecosystem Survey (CAR-2024-400),Snow Crab sum of parts - whole males >=75 cm - Tobie Surette (? 75 mm + males only),Snow crab,32,419,82,9/9/2024 22:55,47.92,-65.2,47.93,47.93,28187,8f1371f2-a597-3f3c-b517-6a7b2b20bcbe,102.0 mm,Male,"{""Length"": 102.0, ""Sex"": 1, ""Chelae Height"": 20.0, ""Take a photo"": 1, ""Collect Specimen- Surette (without fish number)"": 1}"
2024 Gulf Region Ecosystem Survey (CAR-2024-400),Snow Crab sum of parts - whole males >=75 cm - Tobie Surette (? 75 mm + males only),Snow crab,32,419,82,9/9/2024 22:55,47.92,-65.2,47.93,47.93,28202,6f526373-74ce-34c9-9042-eb4042fdd74a,116.0 mm,Male,"{""Length"": 116.0, ""Sex"": 1, ""Chelae Height"": 29.0, ""Take a photo"": 1, ""Collect Specimen- Surette (without fish number)"": 1}"
2024 Gulf Region Ecosystem Survey (CAR-2024-400),Snow Crab sum of parts - whole males >=75 cm - Tobie Surette (? 75 mm + males only),Snow crab,32,419,82,9/9/2024 22:55,47.92,-65.2,47.93,47.93,28206,44139fe0-3324-3944-828e-eb74f51cf8ae,99.0 mm,Male,"{""Length"": 99.0, ""Sex"": 1, ""Chelae Height"": 20.0, ""Take a photo"": 1, ""Collect Specimen- Surette (without fish number)"": 1}"
2024 Gulf Region Ecosystem Survey (CAR-2024-400),Snow Crab sum of parts - whole males >=75 cm - Tobie Surette (? 75 mm + males only),Snow crab,32,419,82,9/9/2024 22:55,47.92,-65.2,47.93,47.93,28207,72bcd64b-0822-35a5-92bc-afdcccf90fa7,89.0 mm,Male,"{""Length"": 89.0, ""Sex"": 1, ""Chelae Height"": 18.0, ""Take a photo"": 1, ""Collect Specimen- Surette (without fish number)"": 1}"
2024 Gulf Region Ecosystem Survey (CAR-2024-400),Snow Crab sum of parts - whole males >=75 cm - Tobie Surette (? 75 mm + males only),Snow crab,32,419,82,9/9/2024 22:55,47.92,-65.2,47.93,47.93,28208,b107d17a-a33e-34e1-b285-50fa7eab29a2,123.0 mm,Male,"{""Length"": 123.0, ""Sex"": 1, ""Chelae Height"": 32.0, ""Take a photo"": 1, ""Collect Specimen- Surette (without fish number)"": 1}"
2024 Gulf Region Ecosystem Survey (CAR-2024-400),Snow Crab sum of parts - whole males >=75 cm - Tobie Surette (? 75 mm + males only),Snow crab,246,418,83,9/10/2024 2:01,48.02,-65,48.01,48.01,28610,91ed0f68-e72d-3b94-acff-e1fbe4b73e77,111.0 mm,Male,"{""Length"": 111.0, ""Sex"": 1, ""Chelae Height"": 23.0, ""Collect Specimen - Boudreau (without fish number)"": 0, ""Take a photo"": 1, ""Collect Specimen- Surette (without fish number)"": 1}"
2024 Gulf Region Ecosystem Survey (CAR-2024-400),Snow Crab sum of parts - whole males >=75 cm - Tobie Surette (? 75 mm + males only),Snow crab,246,418,83,9/10/2024 2:01,48.02,-65,48.01,48.01,28629,2b2c6c42-edbc-32a6-bbbd-47d98e8d8401,79.0 mm,Male,"{""Length"": 79.0, ""Sex"": 1, ""Chelae Height"": 17.0, ""Take a photo"": 1, ""Collect Specimen- Surette (without fish number)"": 1}"
2024 Gulf Region Ecosystem Survey (CAR-2024-400),Snow Crab sum of parts - whole males >=75 cm - Tobie Surette (? 75 mm + males only),Snow crab,246,418,83,9/10/2024 2:01,48.02,-65,48.01,48.01,28631,044ae164-1f27-30aa-8062-3c7f5d18bdcc,89.0 mm,Male,"{""Length"": 89.0, ""Sex"": 1, ""Chelae Height"": 20.0, ""Take a photo"": 1, ""Collect Specimen- Surette (without fish number)"": 1}"
2024 Gulf Region Ecosystem Survey (CAR-2024-400),Snow Crab sum of parts - whole males >=75 cm - Tobie Surette (? 75 mm + males only),Snow crab,246,418,83,9/10/2024 2:01,48.02,-65,48.01,48.01,28652,24854ea0-935f-30af-b38f-d624fe3a95a0,75.0 mm,Male,"{""Length"": 75.0, ""Sex"": 1, ""Chelae Height"": 13.0, ""Take a photo"": 1, ""Collect Specimen- Surette (without fish number)"": 1}"
2024 Gulf Region Ecosystem Survey (CAR-2024-400),Snow Crab sum of parts - whole males >=75 cm - Tobie Surette (? 75 mm + males only),Snow crab,246,418,83,9/10/2024 2:01,48.02,-65,48.01,48.01,28660,fe3394ba-7c4b-3e4b-8b86-bce8404ce70e,85.0 mm,Male,"{""Length"": 85.0, ""Sex"": 1, ""Chelae Height"": 16.0, ""Take a photo"": 1, ""Collect Specimen- Surette (without fish number)"": 1}"
2024 Gulf Region Ecosystem Survey (CAR-2024-400),Snow Crab sum of parts - whole males >=75 cm - Tobie Surette (? 75 mm + males only),Snow crab,20,416,86,9/10/2024 12:52,48.46,-64,48.48,48.48,29355,582f6105-84f4-3cc3-a2c0-7783aa23cbe2,96.0 mm,Male,"{""Length"": 96.0, ""Sex"": 1, ""Chelae Height"": 24.0, ""Take a photo"": 1, ""Collect Specimen- Surette (without fish number)"": 1}"
2024 Gulf Region Ecosystem Survey (CAR-2024-400),Snow Crab sum of parts - whole males >=75 cm - Tobie Surette (? 75 mm + males only),Snow crab,20,416,86,9/10/2024 12:52,48.46,-64,48.48,48.48,29366,1ac1c359-1d57-34ca-aee2-130f80fa2caf,96.0 mm,Male,"{""Length"": 96.0, ""Sex"": 1, ""Chelae Height"": 24.0, ""Take a photo"": 1, ""Collect Specimen- Surette (without fish number)"": 1}"
2024 Gulf Region Ecosystem Survey (CAR-2024-400),Snow Crab sum of parts - whole males >=75 cm - Tobie Surette (? 75 mm + males only),Snow crab,20,416,86,9/10/2024 12:52,48.46,-64,48.48,48.48,29370,db1762bb-db1d-37e1-aa99-097c5c03f57b,98.0 mm,Male,"{""Length"": 98.0, ""Sex"": 1, ""Chelae Height"": 19.0, ""Take a photo"": 1, ""Collect Specimen- Surette (without fish number)"": 1}"
2024 Gulf Region Ecosystem Survey (CAR-2024-400),Snow Crab sum of parts - whole males >=75 cm - Tobie Surette (? 75 mm + males only),Snow crab,20,416,86,9/10/2024 12:52,48.46,-64,48.48,48.48,29374,f14c518c-22d6-3637-a413-b90cfe140ad0,82.0 mm,Male,"{""Length"": 82.0, ""Sex"": 1, ""Chelae Height"": 15.0, ""Take a photo"": 1, ""Collect Specimen- Surette (without fish number)"": 1}"
2024 Gulf Region Ecosystem Survey (CAR-2024-400),Snow Crab sum of parts - whole males >=75 cm - Tobie Surette (? 75 mm + males only),Snow crab,20,416,86,9/10/2024 12:52,48.46,-64,48.48,48.48,29386,f07bde74-f42f-3318-adb8-688354c249e7,100.0 mm,Male,"{""Length"": 100.0, ""Sex"": 1, ""Chelae Height"": 19.0, ""Take a photo"": 1, ""Collect Specimen- Surette (without fish number)"": 1}"
2024 Gulf Region Ecosystem Survey (CAR-2024-400),Snow Crab sum of parts - whole males >=75 cm - Tobie Surette (? 75 mm + males only),Snow crab,279,429,109,9/14/2024 17:09,47.06,-62.52,47.07,47.07,35620,a916dd9a-bc0c-382d-83ae-217e993645e8,103.0 mm,Male,"{""Length"": 103.0, ""Sex"": 1, ""Chelae Height"": 26.0, ""Take a photo"": 1, ""Collect Specimen- Surette (without fish number)"": 1}"
2024 Gulf Region Ecosystem Survey (CAR-2024-400),Snow Crab sum of parts - whole males >=75 cm - Tobie Surette (? 75 mm + males only),Snow crab,279,429,109,9/14/2024 17:09,47.06,-62.52,47.07,47.07,35621,0497b4be-2f84-3eb2-9d2e-d648f843dab6,112.0 mm,Male,"{""Length"": 112.0, ""Sex"": 1, ""Chelae Height"": 31.0, ""Take a photo"": 1, ""Collect Specimen- Surette (without fish number)"": 1}"
2024 Gulf Region Ecosystem Survey (CAR-2024-400),Snow Crab sum of parts - whole males >=75 cm - Tobie Surette (? 75 mm + males only),Snow crab,279,429,109,9/14/2024 17:09,47.06,-62.52,47.07,47.07,35628,6912348d-cd69-365c-b031-6c5e99e51827,78.0 mm,Male,"{""Length"": 78.0, ""Sex"": 1, ""Chelae Height"": 16.0, ""Take a photo"": 1, ""Collect Specimen- Surette (without fish number)"": 1}"
2024 Gulf Region Ecosystem Survey (CAR-2024-400),Snow Crab sum of parts - whole males >=75 cm - Tobie Surette (? 75 mm + males only),Snow crab,279,429,109,9/14/2024 17:09,47.06,-62.52,47.07,47.07,35632,4c3fd5bc-223a-37f6-b1c8-fd7b2a808323,78.0 mm,Male,"{""Length"": 78.0, ""Sex"": 1, ""Take a photo"": 1, ""Collect Specimen- Surette (without fish number)"": 1}"
2024 Gulf Region Ecosystem Survey (CAR-2024-400),Snow Crab sum of parts - whole males >=75 cm - Tobie Surette (? 75 mm + males only),Snow crab,201,429,110,9/14/2024 19:12,47.1,-62.6,47.12,47.12,36112,a60614cd-ff4e-302e-9cc9-d6ae61173bdf,77.0 mm,Male,"{""Length"": 77.0, ""Sex"": 1, ""Chelae Height"": 17.0, ""Take a photo"": 1, ""Collect Specimen- Surette (without fish number)"": 1}"
2024 Gulf Region Ecosystem Survey (CAR-2024-400),Snow Crab sum of parts - whole males >=75 cm - Tobie Surette (? 75 mm + males only),Snow crab,201,429,110,9/14/2024 19:12,47.1,-62.6,47.12,47.12,36115,9a0dc343-1c66-385c-b9d8-d1e87dc7ae56,103.0 mm,Male,"{""Length"": 103.0, ""Sex"": 1, ""Chelae Height"": 24.0, ""Take a photo"": 1, ""Collect Specimen- Surette (without fish number)"": 1}"
2024 Gulf Region Ecosystem Survey (CAR-2024-400),Snow Crab sum of parts - whole males >=75 cm - Tobie Surette (? 75 mm + males only),Snow crab,201,429,110,9/14/2024 19:12,47.1,-62.6,47.12,47.12,36121,63e94458-2470-3018-a76b-6d9ae58c9e01,111.0 mm,Male,"{""Length"": 111.0, ""Sex"": 1, ""Chelae Height"": 27.0, ""Take a photo"": 1, ""Collect Specimen- Surette (without fish number)"": 1}"
2024 Gulf Region Ecosystem Survey (CAR-2024-400),Snow Crab sum of parts - whole males >=75 cm - Tobie Surette (? 75 mm + males only),Snow crab,201,429,110,9/14/2024 19:12,47.1,-62.6,47.12,47.12,36127,779226f8-23c9-3b1c-a9f2-69c2574e97ad,114.0 mm,Male,"{""Length"": 114.0, ""Sex"": 1, ""Chelae Height"": 27.0, ""Take a photo"": 1, ""Collect Specimen- Surette (without fish number)"": 1}"
2024 Gulf Region Ecosystem Survey (CAR-2024-400),Snow Crab sum of parts - whole males >=75 cm - Tobie Surette (? 75 mm + males only),Snow crab,180,423,111,9/14/2024 21:18,47.22,-62.56,47.21,47.21,36415,f625055f-9429-359a-b229-69098f8cab00,88.0 mm,Male,"{""Length"": 88.0, ""Sex"": 1, ""Chelae Height"": 15.0, ""Take a photo"": 1, ""Collect Specimen- Surette (without fish number)"": 1}"
2024 Gulf Region Ecosystem Survey (CAR-2024-400),Snow Crab sum of parts - whole males >=75 cm - Tobie Surette (? 75 mm + males only),Snow crab,180,423,111,9/14/2024 21:18,47.22,-62.56,47.21,47.21,36511,d903b309-ab80-3af9-bfe4-d349a0d61245,89.0 mm,Male,"{""Length"": 89.0, ""Sex"": 1, ""Chelae Height"": 13.0, ""Take a photo"": 1, ""Collect Specimen- Surette (without fish number)"": 1}"
2024 Gulf Region Ecosystem Survey (CAR-2024-400),Snow Crab sum of parts - whole males >=75 cm - Tobie Surette (? 75 mm + males only),Snow crab,52,423,112,9/14/2024 23:52,47.23,-62.39,47.23,47.23,36744,fb7b720f-b529-3614-be68-eefcc86cfee3,88.0 mm,Male,"{""Length"": 88.0, ""Sex"": 1, ""Chelae Height"": 17.0, ""Take a photo"": 1, ""Collect Specimen- Surette (without fish number)"": 1}"
2024 Gulf Region Ecosystem Survey (CAR-2024-400),Snow Crab sum of parts - whole males >=75 cm - Tobie Surette (? 75 mm + males only),Snow crab,52,423,112,9/14/2024 23:52,47.23,-62.39,47.23,47.23,36749,eef086c7-2703-3fd5-be7d-c62cbe8f0776,113.0 mm,Male,"{""Length"": 113.0, ""Sex"": 1, ""Chelae Height"": 25.0, ""Take a photo"": 1, ""Collect Specimen- Surette (without fish number)"": 1}"
2024 Gulf Region Ecosystem Survey (CAR-2024-400),Snow Crab sum of parts - whole males >=75 cm - Tobie Surette (? 75 mm + males only),Snow crab,52,423,112,9/14/2024 23:52,47.23,-62.39,47.23,47.23,36759,9603cb3a-b396-3369-91de-6d7d7701e9d3,109.0 mm,Male,"{""Length"": 109.0, ""Sex"": 1, ""Chelae Height"": 31.0, ""Take a photo"": 1, ""Collect Specimen- Surette (without fish number)"": 1}"
2024 Gulf Region Ecosystem Survey (CAR-2024-400),Snow Crab sum of parts - whole males >=75 cm - Tobie Surette (? 75 mm + males only),Snow crab,52,423,112,9/14/2024 23:52,47.23,-62.39,47.23,47.23,36764,490db4c1-db60-3bdc-ad57-37401555d7a4,104.0 mm,Male,"{""Length"": 104.0, ""Sex"": 1, ""Chelae Height"": 23.0, ""Take a photo"": 1, ""Collect Specimen- Surette (without fish number)"": 1}"
2024 Gulf Region Ecosystem Survey (CAR-2024-400),Snow Crab sum of parts - whole males >=75 cm - Tobie Surette (? 75 mm + males only),Snow crab,52,423,112,9/14/2024 23:52,47.23,-62.39,47.23,47.23,36773,0a4dcfd0-7b8a-3b66-b8d8-56e7e6dd481e,121.0 mm,Male,"{""Length"": 121.0, ""Sex"": 1, ""Chelae Height"": 32.0, ""Take a photo"": 1, ""Collect Specimen- Surette (without fish number)"": 1}"
2024 Gulf Region Ecosystem Survey (CAR-2024-400),Snow Crab sum of parts - whole males >=75 cm - Tobie Surette (? 75 mm + males only),Snow crab,53,423,117,9/15/2024 18:52,47.51,-62.44,47.52,47.52,39422,63fd2158-8260-38c2-bb10-3dedfaca0ecd,91.0 mm,Male,"{""Length"": 91.0, ""Sex"": 1, ""Chelae Height"": 21.0, ""Take a photo"": 1, ""Collect Specimen- Surette (without fish number)"": 1}"
2024 Gulf Region Ecosystem Survey (CAR-2024-400),Snow Crab sum of parts - whole males >=75 cm - Tobie Surette (? 75 mm + males only),Snow crab,53,423,117,9/15/2024 18:52,47.51,-62.44,47.52,47.52,39425,c13ad9a9-aed7-3995-b19f-9c34da0d3981,125.0 mm,Male,"{""Length"": 125.0, ""Sex"": 1, ""Chelae Height"": 34.0, ""Take a photo"": 1, ""Collect Specimen- Surette (without fish number)"": 1}"
2024 Gulf Region Ecosystem Survey (CAR-2024-400),Snow Crab sum of parts - whole males >=75 cm - Tobie Surette (? 75 mm + males only),Snow crab,83,427,122,9/16/2024 8:30,48.11,-62.4,48.1,48.1,40949,b64eaa76-73c5-369b-ac89-c7d488fe72eb,110.0 mm,Male,"{""Length"": 110.0, ""Sex"": 1, ""Chelae Height"": 26.0, ""Take a photo"": 1, ""Collect Specimen- Surette (without fish number)"": 1}"
2024 Gulf Region Ecosystem Survey (CAR-2024-400),Snow Crab sum of parts - whole males >=75 cm - Tobie Surette (? 75 mm + males only),Snow crab,55,423,123,9/16/2024 10:46,47.99,-62.64,47.98,47.98,41062,ede0089f-9e7d-36c1-ad31-1184419d8e67,94.0 mm,Male,"{""Length"": 94.0, ""Sex"": 1, ""Chelae Height"": 21.0, ""Take a photo"": 1, ""Collect Specimen- Surette (without fish number)"": 1}"
2024 Gulf Region Ecosystem Survey (CAR-2024-400),Snow Crab sum of parts - whole males >=75 cm - Tobie Surette (? 75 mm + males only),Snow crab,55,423,123,9/16/2024 10:46,47.99,-62.64,47.98,47.98,41083,00d52abc-8cce-3a12-a91e-257e2377b607,77.0 mm,Male,"{""Length"": 77.0, ""Sex"": 1, ""Chelae Height"": 15.0, ""Take a photo"": 1, ""Collect Specimen- Surette (without fish number)"": 1}"
2024 Gulf Region Ecosystem Survey (CAR-2024-400),Snow Crab sum of parts - whole males >=75 cm - Tobie Surette (? 75 mm + males only),Snow crab,80,426,124,9/16/2024 13:05,48.09,-62.68,48.08,48.08,41459,ff20f2e8-bd77-30b6-a6e2-a441eaad06bb,90.0 mm,Male,"{""Length"": 90.0, ""Sex"": 1, ""Chelae Height"": 22.0, ""Take a photo"": 1, ""Collect Specimen- Surette (without fish number)"": 1}"
2024 Gulf Region Ecosystem Survey (CAR-2024-400),Snow Crab sum of parts - whole males >=75 cm - Tobie Surette (? 75 mm + males only),Snow crab,80,426,124,9/16/2024 13:05,48.09,-62.68,48.08,48.08,41471,f69cbcab-c950-3bc8-a403-531c57851c1f,83.0 mm,Male,"{""Length"": 83.0, ""Sex"": 1, ""Chelae Height"": 15.0, ""Take a photo"": 1, ""Collect Specimen- Surette (without fish number)"": 1}"
2024 Gulf Region Ecosystem Survey (CAR-2024-400),Snow Crab sum of parts - whole males >=75 cm - Tobie Surette (? 75 mm + males only),Snow crab,80,426,124,9/16/2024 13:05,48.09,-62.68,48.08,48.08,41494,8d2ae78f-1a65-3ef8-983c-226132cec4b0,80.0 mm,Male,"{""Length"": 80.0, ""Sex"": 1, ""Chelae Height"": 15.0, ""Take a photo"": 1, ""Collect Specimen- Surette (without fish number)"": 1}"
2024 Gulf Region Ecosystem Survey (CAR-2024-400),Snow Crab sum of parts - whole males >=75 cm - Tobie Surette (? 75 mm + males only),Snow crab,80,426,124,9/16/2024 13:05,48.09,-62.68,48.08,48.08,41520,c31b5931-dcbb-3b0d-b8f1-391dbee5c51f,122.0 mm,Male,"{""Length"": 122.0, ""Sex"": 1, ""Chelae Height"": 31.0, ""Take a photo"": 1, ""Collect Specimen- Surette (without fish number)"": 1}"
2024 Gulf Region Ecosystem Survey (CAR-2024-400),Snow Crab sum of parts - whole males >=75 cm - Tobie Surette (? 75 mm + males only),Snow crab,69,424,125,9/16/2024 14:56,48.14,-62.75,48.16,48.16,41688,fa052c2e-c5f4-3eac-8529-6308ef2f123d,108.0 mm,Male,"{""Length"": 108.0, ""Sex"": 1, ""Chelae Height"": 29.0, ""Take a photo"": 1, ""Collect Specimen- Surette (without fish number)"": 1}"
2024 Gulf Region Ecosystem Survey (CAR-2024-400),Snow Crab sum of parts - whole males >=75 cm - Tobie Surette (? 75 mm + males only),Snow crab,69,424,125,9/16/2024 14:56,48.14,-62.75,48.16,48.16,41697,e71be2c0-51f7-39af-b1b0-238bc0ab9391,95.0 mm,Male,"{""Length"": 95.0, ""Sex"": 1, ""Chelae Height"": 23.0, ""Take a photo"": 1, ""Collect Specimen- Surette (without fish number)"": 1}"
2024 Gulf Region Ecosystem Survey (CAR-2024-400),Snow Crab sum of parts - whole males >=75 cm - Tobie Surette (? 75 mm + males only),Snow crab,18,416,129,9/17/2024 1:28,48.27,-63.52,48.26,48.26,42796,d67786c8-30c8-3f8a-804d-ab248732cc82,109.0 mm,Male,"{""Length"": 109.0, ""Sex"": 1, ""Chelae Height"": 26.0, ""Take a photo"": 1, ""Collect Specimen- Surette (without fish number)"": 1}"
2024 Gulf Region Ecosystem Survey (CAR-2024-400),Snow Crab sum of parts - whole males >=75 cm - Tobie Surette (? 75 mm + males only),Snow crab,18,416,129,9/17/2024 1:28,48.27,-63.52,48.26,48.26,42834,1f87e469-b2c7-3411-ba7c-78d3d208a295,95.0 mm,Male,"{""Length"": 95.0, ""Sex"": 1, ""Chelae Height"": 16.0, ""Take a photo"": 1, ""Collect Specimen- Surette (without fish number)"": 1}"
2024 Gulf Region Ecosystem Survey (CAR-2024-400),Snow Crab sum of parts - whole males >=75 cm - Tobie Surette (? 75 mm + males only),Snow crab,173,422,131,9/17/2024 7:50,48.07,-63.86,48.06,48.06,43428,e16892fa-0c68-3029-8c51-b551d402ebf6,97.0 mm,Male,"{""Length"": 97.0, ""Sex"": 1, ""Chelae Height"": 19.0, ""Take a photo"": 1, ""Collect Specimen- Surette (without fish number)"": 1}"
2024 Gulf Region Ecosystem Survey (CAR-2024-400),Snow Crab sum of parts - whole males >=75 cm - Tobie Surette (? 75 mm + males only),Snow crab,161,416,132,9/17/2024 9:52,48.02,-63.78,48.02,48.02,43674,8ab5e7ec-3dad-3675-b9f9-4e93335b3e26,89.0 mm,Male,"{""Length"": 89.0, ""Sex"": 1, ""Chelae Height"": 17.0, ""Take a photo"": 1, ""Collect Specimen- Surette (without fish number)"": 1}"
2024 Gulf Region Ecosystem Survey (CAR-2024-400),Snow Crab sum of parts - whole males >=75 cm - Tobie Surette (? 75 mm + males only),Snow crab,161,416,132,9/17/2024 9:52,48.02,-63.78,48.02,48.02,43687,316bc669-dd68-3308-859b-aacabd80512c,80.0 mm,Male,"{""Length"": 80.0, ""Sex"": 1, ""Chelae Height"": 14.0, ""Take a photo"": 1, ""Collect Specimen- Surette (without fish number)"": 1}"
2024 Gulf Region Ecosystem Survey (CAR-2024-400),Snow Crab sum of parts - whole males >=75 cm - Tobie Surette (? 75 mm + males only),Snow crab,161,416,132,9/17/2024 9:52,48.02,-63.78,48.02,48.02,43702,280962b8-e3fb-3d58-97d6-0ed661afb163,90.0 mm,Male,"{""Length"": 90.0, ""Sex"": 1, ""Chelae Height"": 22.0, ""Take a photo"": 1, ""Collect Specimen- Surette (without fish number)"": 1}"
2024 Gulf Region Ecosystem Survey (CAR-2024-400),Snow Crab sum of parts - whole males >=75 cm - Tobie Surette (? 75 mm + males only),Snow crab,161,416,132,9/17/2024 9:52,48.02,-63.78,48.02,48.02,43710,906c0a6b-cfe8-386f-9bec-d7d740f34fd8,92.0 mm,Male,"{""Length"": 92.0, ""Sex"": 1, ""Chelae Height"": 16.0, ""Take a photo"": 1, ""Collect Specimen- Surette (without fish number)"": 1}"
2024 Gulf Region Ecosystem Survey (CAR-2024-400),Snow Crab sum of parts - whole males >=75 cm - Tobie Surette (? 75 mm + males only),Snow crab,161,416,132,9/17/2024 9:52,48.02,-63.78,48.02,48.02,43722,0ced793d-6e9b-342b-a618-44277608898a,84.0 mm,Male,"{""Length"": 84.0, ""Sex"": 1, ""Chelae Height"": 15.0, ""Take a photo"": 1, ""Collect Specimen- Surette (without fish number)"": 1}"
2024 Gulf Region Ecosystem Survey (CAR-2024-400),Snow Crab sum of parts - whole males >=75 cm - Tobie Surette (? 75 mm + males only),Snow crab,189,424,133,9/17/2024 12:18,47.93,-63.74,47.95,47.95,43773,d27c3bd8-3552-3dbf-a79e-37c5d02e5f8a,102.0 mm,Male,"{""Length"": 102.0, ""Sex"": 1, ""Chelae Height"": 20.0, ""Take a photo"": 1, ""Collect Specimen- Surette (without fish number)"": 1}"
2024 Gulf Region Ecosystem Survey (CAR-2024-400),Snow Crab sum of parts - whole males >=75 cm - Tobie Surette (? 75 mm + males only),Snow crab,189,424,133,9/17/2024 12:18,47.93,-63.74,47.95,47.95,43782,0d8ed688-9f58-3ccb-9f9e-27700ee56a24,93.0 mm,Male,"{""Length"": 93.0, ""Sex"": 1, ""Chelae Height"": 23.0, ""Take a photo"": 1, ""Collect Specimen- Surette (without fish number)"": 1}"
2024 Gulf Region Ecosystem Survey (CAR-2024-400),Snow Crab sum of parts - whole males >=75 cm - Tobie Surette (? 75 mm + males only),Snow crab,189,424,133,9/17/2024 12:18,47.93,-63.74,47.95,47.95,43799,30adb64a-49bb-3f42-8573-4dccef4cf9b5,84.0 mm,Male,"{""Length"": 84.0, ""Sex"": 1, ""Chelae Height"": 16.0, ""Take a photo"": 1, ""Collect Specimen- Surette (without fish number)"": 1}"
2024 Gulf Region Ecosystem Survey (CAR-2024-400),Snow Crab sum of parts - whole males >=75 cm - Tobie Surette (? 75 mm + males only),Snow crab,59,423,139,9/18/2024 0:55,47.89,-62.88,47.91,47.91,45882,4cf13d8b-eea7-3f6d-84fb-cc26bfecccf1,97.0 mm,Male,"{""Length"": 97.0, ""Sex"": 1, ""Chelae Height"": 22.0, ""Take a photo"": 1, ""Collect Specimen- Surette (without fish number)"": 1}"
2024 Gulf Region Ecosystem Survey (CAR-2024-400),Snow Crab sum of parts - whole males >=75 cm - Tobie Surette (? 75 mm + males only),Snow crab,59,423,139,9/18/2024 0:55,47.89,-62.88,47.91,47.91,45894,b275a1dd-2869-3d6f-a857-71e385e4a22b,83.0 mm,Male,"{""Length"": 83.0, ""Sex"": 1, ""Chelae Height"": 16.0, ""Take a photo"": 1, ""Collect Specimen- Surette (without fish number)"": 1}"
2024 Gulf Region Ecosystem Survey (CAR-2024-400),Snow Crab sum of parts - whole males >=75 cm - Tobie Surette (? 75 mm + males only),Snow crab,50,423,142,9/18/2024 8:08,47.87,-62.46,47.86,47.86,46973,637830b5-14f9-3ec8-b63c-696bafb9d65d,104.0 mm,Male,"{""Length"": 104.0, ""Sex"": 1, ""Chelae Height"": 24.0, ""Take a photo"": 1, ""Collect Specimen- Surette (without fish number)"": 1}"
2024 Gulf Region Ecosystem Survey (CAR-2024-400),Snow Crab sum of parts - whole males >=75 cm - Tobie Surette (? 75 mm + males only),Snow crab,50,423,142,9/18/2024 8:08,47.87,-62.46,47.86,47.86,46978,d964c291-088f-3151-af97-7bdb0295418c,103.0 mm,Male,"{""Length"": 103.0, ""Sex"": 1, ""Chelae Height"": 16.0, ""Take a photo"": 1, ""Collect Specimen- Surette (without fish number)"": 1}"
2024 Gulf Region Ecosystem Survey (CAR-2024-400),Snow Crab sum of parts - whole males >=75 cm - Tobie Surette (? 75 mm + males only),Snow crab,50,423,142,9/18/2024 8:08,47.87,-62.46,47.86,47.86,46984,91bac7f6-3c2d-3fe6-9bd1-d70844b19eec,103.0 mm,Male,"{""Length"": 103.0, ""Sex"": 1, ""Chelae Height"": 22.0, ""Take a photo"": 1, ""Collect Specimen- Surette (without fish number)"": 1}"
2024 Gulf Region Ecosystem Survey (CAR-2024-400),Snow Crab sum of parts - whole males >=75 cm - Tobie Surette (? 75 mm + males only),Snow crab,50,423,142,9/18/2024 8:08,47.87,-62.46,47.86,47.86,46989,adc1efcb-2391-3d47-a364-3d39a76c33f5,91.0 mm,Male,"{""Length"": 91.0, ""Sex"": 1, ""Chelae Height"": 22.0, ""Take a photo"": 1, ""Collect Specimen- Surette (without fish number)"": 1}"
2024 Gulf Region Ecosystem Survey (CAR-2024-400),Snow Crab sum of parts - whole males >=75 cm - Tobie Surette (? 75 mm + males only),Snow crab,50,423,142,9/18/2024 8:08,47.87,-62.46,47.86,47.86,46993,8d8e6ebd-d558-32e9-afd7-9fd465f28056,96.0 mm,Male,"{""Length"": 96.0, ""Sex"": 1, ""Chelae Height"": 20.0, ""Take a photo"": 1, ""Collect Specimen- Surette (without fish number)"": 1}"
2024 Gulf Region Ecosystem Survey (CAR-2024-400),Snow Crab sum of parts - whole males >=75 cm - Tobie Surette (? 75 mm + males only),Snow crab,57,423,143,9/18/2024 10:56,47.66,-62.54,47.64,47.64,47332,e83db3ac-6f39-34e3-a89d-56b5be558573,101.0 mm,Male,"{""Length"": 101.0, ""Sex"": 1, ""Chelae Height"": 24.0, ""Take a photo"": 1, ""Collect Specimen- Surette (without fish number)"": 1}"
2024 Gulf Region Ecosystem Survey (CAR-2024-400),Snow Crab sum of parts - whole males >=75 cm - Tobie Surette (? 75 mm + males only),Snow crab,57,423,143,9/18/2024 10:56,47.66,-62.54,47.64,47.64,47342,03b6a231-29a2-3bb9-98ac-4806d8d2167a,92.0 mm,Male,"{""Length"": 92.0, ""Sex"": 1, ""Chelae Height"": 22.0, ""Take a photo"": 1, ""Collect Specimen- Surette (without fish number)"": 1}"
2024 Gulf Region Ecosystem Survey (CAR-2024-400),Snow Crab sum of parts - whole males >=75 cm - Tobie Surette (? 75 mm + males only),Snow crab,57,423,143,9/18/2024 10:56,47.66,-62.54,47.64,47.64,47348,6a4028b9-23dc-368d-be84-7477de75944c,88.0 mm,Male,"{""Length"": 88.0, ""Sex"": 1, ""Chelae Height"": 17.0, ""Take a photo"": 1, ""Collect Specimen- Surette (without fish number)"": 1}"
2024 Gulf Region Ecosystem Survey (CAR-2024-400),Snow Crab sum of parts - whole males >=75 cm - Tobie Surette (? 75 mm + males only),Snow crab,57,423,143,9/18/2024 10:56,47.66,-62.54,47.64,47.64,47349,ede05033-bb15-3b11-9615-a261e1b8ea39,88.0 mm,Male,"{""Length"": 88.0, ""Sex"": 1, ""Chelae Height"": 21.0, ""Take a photo"": 1, ""Collect Specimen- Surette (without fish number)"": 1}"
2024 Gulf Region Ecosystem Survey (CAR-2024-400),Snow Crab sum of parts - whole males >=75 cm - Tobie Surette (? 75 mm + males only),Snow crab,57,423,143,9/18/2024 10:56,47.66,-62.54,47.64,47.64,47360,156464ec-e152-39b2-a450-439eef5f2e5f,118.0 mm,Male,"{""Length"": 118.0, ""Sex"": 1, ""Chelae Height"": 31.0, ""Take a photo"": 1, ""Collect Specimen- Surette (without fish number)"": 1}"
2024 Gulf Region Ecosystem Survey (CAR-2024-400),Snow Crab sum of parts - whole males >=75 cm - Tobie Surette (? 75 mm + males only),Snow crab,57,423,143,9/18/2024 10:56,47.66,-62.54,47.64,47.64,47384,83f48989-6961-3c07-9036-e7ac3298580b,99.0 mm,Male,"{""Length"": 99.0, ""Sex"": 1, ""Chelae Height"": 24.0, ""Take a photo"": 1, ""Collect Specimen- Surette (without fish number)"": 1}"
2024 Gulf Region Ecosystem Survey (CAR-2024-400),Snow Crab sum of parts - whole males >=75 cm - Tobie Surette (? 75 mm + males only),Snow crab,57,423,143,9/18/2024 10:56,47.66,-62.54,47.64,47.64,47386,6deeedce-5529-3f6e-b904-fde4c4753770,105.0 mm,Male,"{""Length"": 105.0, ""Sex"": 1, ""Chelae Height"": 25.0, ""Take a photo"": 1, ""Collect Specimen- Surette (without fish number)"": 1}"
2024 Gulf Region Ecosystem Survey (CAR-2024-400),Snow Crab sum of parts - whole males >=75 cm - Tobie Surette (? 75 mm + males only),Snow crab,62,423,145,9/18/2024 17:12,47.28,-62.91,47.27,47.27,48034,51ff73d4-d185-368d-8a42-c548e237422b,115.0 mm,Male,"{""Length"": 115.0, ""Sex"": 1, ""Chelae Height"": 27.0, ""Take a photo"": 1, ""Collect Specimen- Surette (without fish number)"": 1}"
